name,price
DJI Mini 3 Pro Drone with RC Remote Controller,£859.00
DJI Mini 3 Pro Drone with RC-N1 Remote Controller,£649.00
DJI Mini 3 Drone with DJI RC Remote Controller,£669.00
DJI Mini 3 Fly More Combo with DJI RC Remote Controller,£759.00
DJI Mini 3 Drone,£439.00
DJI Mavic 3 Classic Drone with DJI RC Remote Contoller,"£1,529.00"
DJI Mini 3 Fly More Combo with RC-N1 Remote Controller,£649.00
DJI Avata Pro-View Combo,"£1,149.00"
DJI Air 2S Fly More Combo,"£1,149.00"
DJI Avata Drone,£499.00
DJI Mini 3 Drone with RC-N1 Remote Controller,£519.00
DJI Mavic 3 Cine Premium Combo,"£4,279.00"
DJI Mavic 3 Fly More Combo,"£2,299.00"
DJI FPV Combo,£899.00
DJI Mavic 3 Classic Drone,"£1,309.00"
DJI Mavic 3 Drone,"£1,719.00"
DJI Avata Fly Smart Combo,£989.00
DJI Mini 3 Drone with DJI RC Remote Controller - Open Box,£609.00
DJI Mavic 3 Classic Drone with RC-N1 Remote Controller,"£1,399.00"
DJI Air 2S Drone,£899.00
Autel Evo II Pro V3 Drone in Orange Rugged Bundle,"£2,249.00"
